Citation;Reference;Link;Category
DGOH, 1991;DGOH. (1991). Estudio de las Zonas Húmedas de la España Peninsular. Inventario y Tipificación. Documento de Síntesis. INITEC. Dirección General de Obras Hidráulicas, Ministerio de Obras Públicas y Transportes. Madrid.;NA;B
Aedo et al., 2001;Aedo, C., Aldasoro, J. J., Argüelles, M., Carlón, L., Díez-Riol, A., Gómez-Casares, G., González del Valle, J. M., Guillén-Oterino, A., Laínz, M., Moreno-Moral, G., Patallo, J., & Sánchez-Pedraja, Ó. (2001). Contributions to the knowledge of the Cantabrian flora, V. Bol. Cien. Nat. R.I.D.E.A. 47: 7-52.;NA;B
Agencia Vasca del Agua, 2014;Agencia Vasca del Agua. (2014). Humedales interiores de la Comunidad Autónoma del País Vasco. Síntesis del informe de seguimiento del estado ecológico 2012-2013. https://www.uragentzia.euskadi.eus/contenidos/documentacion/humedales_interiores_2012_2013/es_doc/adjuntos/Informe%20Humedales_2012_2013_SINTESIS_ES_URA.pdf;NA;B
Agencia Vasca del Agua, 2022;Agencia Vasca del Agua. (2022). Red de vigilancia de lagos, humedales interiores y embalses de la CAPV, ciclo hidrológico 2020-2021, informe de síntesis. https://www.uragentzia.euskadi.eus/contenidos/documentacion/humedales_interiores_2020_2021/es_def/adjuntos/02_SINTESIS_ES_Seguimiento-LAG_EMB-URA_2021.pdf;NA;B
Aguilar-Alberola and Mesquita-Joanes, 2011;Aguilar-Alberola, J. A., & Mesquita-Joanes, F. (2011). Population dynamics and tolerance to desiccation in a crustacean ostracod adapted to life in small ephemeral water bodies. Limnologica, 41(4), 348–355. https://doi.org/10.1016/j.limno.2011.03.003;NA;B
Aguilar-Alberola and Mesquita-Joanes, 2014;Aguilar-Alberola, J. A., & Mesquita-Joanes, F. (2014). Breaking the temperature-size rule: Thermal effects on growth, development and fecundity of a crustacean from temporary waters. Journal of Thermal Biology, 42, 15–24. https://doi.org/10.1016/j.jtherbio.2014.02.016;NA;B
Aguilar-Alberola & Mesquita, 2008;Aguilar-Alberola, J. A., & Mezquita, F. (2008). On the presence of parthenogenetic populations of Heterocypris bosniaca Petkowski et al., 2000 (Crustacea: Ostracoda) in temporary rock pools of the eastern Iberian Peninsula, with insights into the ecology & life history of the species. Bull Soc Nat Luxemb, 109, 149-158.;NA;B
Aguilera et al., 1996;Aguilera, P., Ribera, I., & Foster, G. N. (1996). Notes on Hydraena (Phothydraena) atrata Desbrochers des Loges, 1891, with comments on the Iberian species of the subgenus (Coleoptera: Hydraenidae). Boletin - Asociacion Española de Entomologia, 20(1–2), 111–118.;NA;B
Albero et al., 2025;Albero, L., Martínez-Solano, Í., Tarroso, P., & Bécares, E. (2025). Traditional agro-livestock areas support functional landscape connectivity for syntopic pond-breeding amphibians in Mediterranean ecosystems. Conservation Genetics, 1-14.;NA;D
Alcorlo, 1999;Alcorlo, P. (1999). Redes Tróficas en Lagunas Salinas Temporales de la comarca de Los Monegros ( Zaragoza ) [Doctoral dissertation, Universidad Autónoma de Madrid]. http://repositorio.uam.es/handle/10486/1111;NA;B
Alcorlo et al., 1997;Alcorlo, P., Díaz, P., Lacalle, J., Baltanas, A., Florin, M., Guerrero, M.C., Montes, C. (1997). Sediment features, primary producers & food web structure in two shallow temporary lakes (Monegros, Spain). Water, Air & Soil Pollution, 99, 681–688.;NA;B
Alejandre et al., 1999;Alejandre, J.A., Arizaleta J.A., & Benito-Ayuso, J.  (1999) Notas florísticas referentes al Macizo Ibérico septentrional, III. Flora Montib. 12: 40-64.;NA;B
Alejandre-Sáenz et al., 2005;Alejandre-Sáenz, J.A., Escalante-Ruiz, M.J., Molina-Martín, C., & Montamarta-Prieto, G. & Mateo-Sanz, G. (2005). Adiciones al catálogo florístico de la provincia de Soria. Flora Montiberica, 29, 54–71.;NA;B
Alonso, 1987;Alonso, M. (1987). Ejemplos de vicarianza en comunidades de crustaceos de las lagunas esteparias. Limnética, 3, 81–89.;NA;B
Alonso, 1998;Alonso, M. (1998). Las Lagunas de la España peninsular. Limnetica, 15, 1–176.;NA;A
Alonso & Jaume, 1991;Alonso, M., & Jaume, D. (1991). Branchipus cortesi n. sp.: a new anostracan from western Spain (Crustacea, Branchiopoda). Hydrobiologia, 212, 221–230. https://doi.org/10.1007/BF00026004;NA;B
Alonso-Redondo et al., 1998;Alonso-Redondo, R., de Paz-Canuria, E., Puente-García, E., & Penas-Merino (1998) Sobre la flora de la provincia de León. Acta Bot. Malacitana 23: 215-226.;NA;B
Álvarez & Salvador, 1984;Álvarez, J. & Salvador, A. (1984). Cria de anuros en la laguna de Chozas de Arriba (Leon) en 1980. Mediterranea Ser.Biol. (1984), 7, 27–48.;NA;B
Álvarez et al., 1991;Álvarez, J., A. Salvador, P. L. y J. M. (1991). DESARROLLO LARVARIO DE LA RANA COMUN (RANA Pérezl) (ANURA: RANIDAE) EN CHARCAS TEMPORALES DEL NOROESTE DE LA PENINSULA IBERICA. Doñana, Acta Vertebrata, 18(1), 123–132.;NA;B
Álvarez & Guerrero, 2000;Álvarez, S., & Guerrero, M. C. (2000). Enzymatic activities associated with decomposition of particulate organic matter in two shallow ponds. Soil Biology and Biochemistry, 32(13), 1941-1951. https://doi.org/10.1016/S0038-0717(00)00170-X;NA;B
Álvarez Cobelas et al., 2016;Álvarez-Cobelas, M., Ayala-Liquiñano, J. L., Cirujano, S., García-Chicote, J., González-Medina, A., Guerrero-Maldonado, N., Rojo-García-Morato, C., Rubio-Olmo, Á., Sánchez-Carrillo, F., Segovia-Gilsanz, M., Segura-Martínez, L., Serrano-Grijalva, L., Soriano-Hernando, Ó. (2016).LIMNOLOGIA DE LAS LAGUNAS DE LA CUENCA DEL GUADIANA (Óscar Soriano Hernando & Miguel Álvarez Cobelas (Ed.)). Serie LIMNOIBERIA, no 10.;NA;B
Álvarez-Cobelas et al., 2013;Álvarez-Cobelas, Miguel, Cirujano, S., Fernández-López, J., García-Sánchez-Colomer, M, Martín-del Pozo, D., Rojo-Garcia-Morato, C., Rubio-Olmo, A., Soriano-Hernando, S. & Velasco-Díaz, J. L. (2013). Limnologia básica de algunos humedales de Castilla (J. Álvarez-Cobelas, Miguel, Fernández López (Ed.)). Serie Limnoiberia No1.;NA;B
Amat et al., 2007;Amat, F., Hontoria, F., Navarro, J. C., Vieira, N., & Mura, G. (2007). Biodiversity loss in the genus Artemia in the Western Mediterranean region. Limnetica, 26(2), 387–404.;NA;B
Ambu et al., 2025b;Ambu, J., Litvinchuk, S.N., Caballero‐Díaz, C., Nicieza, A., Velo‐Antón, G., Gonçalves, H., Martínez-Freiría, F., Martínez-Gil, H., Beltrán, J.F., Donaire-Barroso, D., Hernández, A., Suchan, T., Crochet, P.-A., Martínez-Solano, I., Dufresnes, C. (2025). Genomic, phenotypic and environmental correlates of speciation in the midwife toads (Alytes). Molecular Ecology, e17736.;NA;D
Ambu et al., 2025a;Ambu, J., Caballero-Díaz, C., Sánchez-Montes, G., Nicieza, A.G., Velo-Antón, G., Hernández, A., Delmas, C., Trochet, A., Wielstra, B., Crochet, P.-A., Martínez-Solano, I., Dufresnes, C. (2025). Genome-wide patterns of diversity in the European midwife toad complex: phylogeographic and conservation prospects. Conservation Genetics, 26: 361-379. ;NA;D
Angeler et al., 2010;Angeler, D. G., Álvarez-Cobelas, M., & Sánchez-Carrillo, S. (2010). Evaluating environmental conditions of a temporary pond complex using rotifer emergence from dry soils. Ecological Indicators, 10(2), 545-549. https://doi.org/10.1016/j.ecolind.2009.07.001;NA;B
Angeler et al., 2008;Angeler, D. G., Viedma, O., Sánchez-Carrillo, S., & Álvarez-Cobelas, M. (2008). Conservation issues of temporary wetland Branchiopoda (Anostraca, Notostraca: Crustacea) in a semiarid agricultural landscape: What spatial scales are relevant? Biological Conservation, 141(5), 1224–1234. https://doi.org/10.1016/j.biocon.2008.02.018;NA;B
Anza et al., 2014;Anza, I., Vidal, D., Laguna, C., Díaz-Sánchez, S., Sánchez, S., Chicote, Á., Florín, M., & Mateo, R. (2014). Eutrophication and bacterial pathogens as risk factors for avian botulism outbreaks in wetlands receiving effluents from urban wastewater treatment plants. Applied and Environmental Microbiology, 80(14), 4251–4259. https://doi.org/10.1128/AEM.00949-14;NA;B
Arnanz et al., 2025;Arnanz, C., Alcorlo, P., Amador, P., Azcárate, F. M., Llusia, D., & Hevia, V. (2025). Exploring the role of a Mediterranean transhumance drove road as shelter for amphibian breeding. Anthropocene, 50, 100469.;NA;D
Ascaso-Martorell & Pedrol-Solanes, 2001;Ascaso-Martorell, J., & Pedrol-Solanes, J. (2001). DE PLANTIS VASCULARIBUS PRAESERTIM IBERICIS. III. Acta Botanica Malacitana, 26;NA;B
Asociacion el Bosque Animado, 2020;Asociación el Bosque Animado. (2020). Charcas mediterráneas temporales en las provincias de Córdoba, Málaga, Sevilla y Granada. https://aeaelbosqueanimado.org/charcas-mediterraneas-temporales-en-las-provincias-de-cordoba-malaga-sevilla-y-granada/;NA;C
Auque et al., 1995;Auque, L.F., Valles, Vincent, Zouggari, H., López, P. L. ., & Bourrie, G. (1995). Geoquimica de las lagunas saladas de los monegros (Zaragoza). I. Determinacion experimental de los efectos del reequilibrio mirabilita-solucion con la temperatura en un sistema natural. Estudios Geologicos-Madrid, 51, 243–257.;NA;B
Baltanas & Alcorlo, 2004;Baltanás, A. & Alcorlo, P. (2004). Distribucion de Candelacypris aragonica y otros crustaceos acuaticos de interes en las saladas de Monegros. Servicio Provincial de Medio Ambiente de Zaragoza, Subdirección del Medio Natural.;NA;B
Baltanas et al., 1990;Baltanás, A., Montes, C., & Martíno, P. (1990). Distribution patterns of ostracods in iberian saline lakes. Influence of ecological factors. Hydrobiologia, 197, 207–220. https://doi.org/10.1007/BF00026951;NA;B
Baonza, 2009;Baonza, J. (2009). Reencontrado Ranunculus batrachioides subsp. Brachypodus G.López en la submeseta sur española. Ecología, 22, 89–98.;NA;C
Baonza & Martínez-García, 2013;Baonza, J., Martínez-Garcia, F. (2013). NOTAS FLORÍSTICAS DE LA SIERRA DE GUADARRAMA (MADRID, SEGOVIA). Ecología, 25, 137–174.;NA;C
Bariego et al., 2004;Bariego, P., Delgado, L., & Santos, M. (2004). Aportaciones al conocimiento de la pteridoflora de la Cuenca del Duero (España). Botánica Complutensis, 28, 57–59.;NA;D
Bariego et al., 2006;Bariego, P., Delgado, L., Gallego, Á., & Santos Vicente, M. (2006). Aportaciones al conocimiento de la pteridoflora de la Cuenca del Duero, II (España). Botánica Complutensis, 30, 87–90.;NA;D
Bariego et al., 2015;Bariego, P., Santos, M., Losada, D., & Cañedo, M. (2015). Nuevos datos sobre la flora vascular de la provincia de Zamora (España) I. Anales de Biología, 37, 107–118. https://doi.org/10.6018/analesbio.37.11;NA;C
Becerra-Ramírez et al., 2009;Becerra-Ramírez, R., Cañizares, C., Escobar, E., González, E., Gosálvez, R. U., Martínez, H. S., & Rodríguez, M. A. (2009). El Campo de Calatrava y el Corredor Ciudad Real-Puertollano. VV. AA. Itinerarios geográficos y paisajes por la provincia de Ciudad Real. Ed. AGE y UCLM, 90-169.;NA;B
Benítez-Cruz et al., 2008;Benítez-Cruz, G., Delgado-Vázquez, A.J., Rendón-Vega, J. L. (2008). Notas pteridológicas (54-56). Acta Botanica Malacitana, 33, 351–356.;NA;B
Benito-Alonso, 2008;Benito-Alonso, J. (2008). Dos plantas raras en el humedal de Villa Juanita (Castiello de Jaca, Pirineo aragonés). Flora Montiberica, 38, 81–89.;NA;B
Benito-Alonso, 2009;Benito-Alonso, J. L. (2009). Aportación de información al «Inventario de humedales singulares de la Comunidad Autónoma de Aragón». Monografías de Botánica Ibérica, Nº3, 39 pp.;NA;C
Benito-Alonso, 2010;Benito-Alonso, J. L. (2010). Aproximacion a la flora, la vegetacion y la conservacion de las lagunas temporales mediterraneas de la provincia de Soria. Flora Montiberica, 45, 54–86.;NA;B
Bernal-Sánchez, 2012;Bernal-Sánchez, A. (2012). Confirmación de la presencia actual de Lestes macrostigma (Eversmann, 1832)(Odonata: Lestidae) en la provincia de Cádiz (sudoeste de la Península Ibérica). Boletín de la SEA, (50), 565-566.;NA;B
Biurrun, 1999;Biurrun, I. (1999). Flora y vegetación de los ríos y humedales de Navarra. Guineana 5, 1-338.;NA;B
Blanco et al., 2019c;Blanco, S., Adriana Olenici, Fernando Ortega, Francisco Jiménez-Gómez, F. G. (2019c). Taxonomia y morfologia de Craticula Gadorensis sp. nov. (Bacillariophyta, Stauroneidaceae). Boletín de La Sociedad Argentina de Botánica, 54, 5–11. https://doi.org/http://dx.doi. org/10.31055/1851.2372.v54. n1.23574;NA;B
Blanco et al., 2013;Blanco, S., Álvarez‐Blanco, I., Cejudo‐Figueiras, C., Espejo, J. M. R., Barrera, C. B., Bécares, E., Del Olmo, F. D., & Artigas, R. C. (2013). The diatom flora in temporary ponds of Doñana National Park (southwest Spain): Five new taxa. Nordic Journal of Botany, 31(4), 489-499. https://doi.org/10.1111/j.1756-1051.2013.01691.x;NA;C
Blanco et al., 2019b;Blanco, S., Olenici, A., De Vicente, I., Guerrero, F. (2019b). Contribucion al inventario de diatomeas ibericas: Encyonema nevadense S.Blanco & al. sp. nov. (Cymbellales, Gomphonemataceae). Anales Del Jardín Botánico de Madrid, 76(2).;NA;B
Blanco et al., 2019a;Blanco, S., Olenici, A., Jiménez-Gómez, F., Ortega, F., & Guerrero, F. (2019a). Una nueva especie del genero Hantzschia (Bacillariaceae) en Almeria, España. Caldasia, 41(2), 343–348. https://doi.org/10.15446/caldasia.v41n2.74979;NA;B
Blanco et al., 2020;Blanco, S., Olenici, A., Ortega, F., Jiménez-Gómez, F., & Guerrero, F. (2020). Identifying environmental drivers of Benthic diatom diversity: The case of Mediterranean mountain ponds. PeerJ, 2020(3), 1–16. https://doi.org/10.7717/peerj.8825;NA;B
Boix, 2002;Boix, D. (2002). Aportació al coneixement de la distribució d’anostracis i notostracis (Crustacea: Branchiopoda) als Països Catalans. Butlletí de La Institució Catalana d’Història Natural, 70, 55–71. https://doi.org/10.2436/bichn.vi.9019;NA;B
Boix & Sala, 2002;Boix, D., & Sala, J. (2002). Riqueza y rareza de los insectos acuáticos de la laguna temporal de Espolla (Pla de l’Estany, Cataluña). Boletin - Asociacion Española de Entomologia, 26, 45–57.;NA;B
Boix et al., 2012;Boix, D., Ruhí, A., Gascón, S., & Sala, J. (2012). First record of Holocentropus stagnalis (Albarda, 1874) (Trichoptera: Polycentropodidae) for the Iberian Peninsula. Boletin de La Sociedad Entomologica Aragonesa, 51, 343–345.;NA;B
Boix et al., 2001;Boix, D., Sala, J., & Moreno-Amich, R. (2001). The faunal composition of espolla pond (NE Iberian Peninsula): The neglected biodiversity of temporary waters. Wetlands, 21(4), 577–592. https://doi.org/10.1672/0277-5212(2001)021[0577:TFCOEP]2.0.CO,2;NA;B
Boix et al., 2002;Boix, D., Sala, J., & Moreno-Amich, R. (2002). Population dynamics of Triops cancriformis (Crustacea: Branchiopoda: Notostraca) of the Espolla temporary pond in the northeastern Iberian peninsula. Hydrobiologia, 486(1), 175-183. https://doi.org/10.1023/A:1021350802144;NA;B
Buades, 1986;Buades, A. (1986). Notas florísticas sobre el Cañón del río Lobos (Soria). Botánica Complutensis, 13, 57–62.;NA;D
Caballero-Díaz et al., 2024;Caballero-Díaz, C., Martínez-Solano, Í., Sánchez-Montes, G., Ayllón López, E., Álvarez López, A., Bautista Muñoz, R. (2024). Anfibios de la Comunidad de Madrid. Identificación, distribución y conservación. Asociación Herpetológica Española, Madrid. 304 pp.;NA;D
Caballero-Díaz et al., 2020;Caballero-Díaz, C., Sánchez-Montes, G., Butler, H. M., Vredenburg, V. T., & Martínez-Solano, Í. (2020). The role of artificial breeding sites in amphibian conservation: a case study in rural areas in central spain. Herpetological Conservation and Biology, 15(1), 87-104;NA;D
Caballero-Díaz et al., 2022;Caballero-Díaz, C., Sánchez-Montes, G., Gómez, I., Díaz-Zúñiga, A., & Martínez-Solano, I. (2022). Artificial water bodies as amphibian breeding sites: the case of the common midwife toad (Alytes obstetricans) in central Spain. Amphibia-Reptilia, 43, 395-406.;NA;D
Caballero-Díaz et al., 2025;Caballero-Díaz, C., Tarroso, P., Sánchez-Montes, G., Reyes-Moya, I., Polo-Cavia, N., Martínez-Solano, I.  (2025). Connecting the dots: regional assessment of landscape connectivity in amphibian communities in Central Spain. Landscape Ecology 40, 155 (2025).;NA;D
Calzada-Bujak et al., 2001;Calzada-Bujak, I., Serrano, L., Toja, J., & Crisman, T. L. (2001). Phosporus dynamics in a Mediterranean temporary pond, Doñana National Park, Spain. Verh. Internat. Verein. Limnol., 27, 3986–3991.;NA;B
Camacho et al., 2019;Camacho A, Santamans A C, Morant D, Ferriol C, Camacho-Santamans A & Picazo A. (2019). Recopilación de información sobre tipos de hábitat y ecosistemas leníticos de interior en España. Serie “Metodologías para el seguimiento del estado de conservación de los tipos de hábitat”. Ministerio para la Transición Ecológica. Madrid. 50 pp.;NA;C
Cambra, 1989;Cambra, J.(1989). Contribución al género Oedogonium en España I. Acta Botánica Malacitana 14, 201–6.;NA;B
Castillo-Escrivà et al., 2017a;Castillo-Escrivà, A., Aguilar-Alberola, J. A., & Mesquita-Joanes, F. (2017a). Spatial and environmental effects on a rock-pool metacommunity depend on landscape setting and dispersal mode. Freshwater Biology, 62, 1004–1011. https://doi.org/10.1111/fwb.12920;NA;B
Castillo-Escrivà et al., 2017b;Castillo-Escrivà, A., Valls, L., Rochera, C., Camacho, A., & Mesquita-Joanes, F. (2017b). Disentangling environmental, spatial, and historical effects on ostracod communities in shallow lakes. Hydrobiologia, 787(1), 61–72. https://doi.org/10.1007/s10750-016-2945-x;NA;C
Castillo-Escrivà et al., 2017c;Castillo-Escrivà, A., Valls, L., Rochera, C., Camacho, A., & Mesquita-Joanes, F. (2017c). Metacommunity dynamics of Ostracoda in temporary lakes: Overall strong niche effects except at the onset of the flooding period. Limnologica, 62, 104–110. https://doi.org/10.1016/j.limno.2016.11.005;NA;C
Castro González, 2015;Castro González, V. (2015). Flora y vegetación de las lagunas y humedales del Sector Castellano Duriense en la provincia de León. Bases para su conservación y gestión sostenible [Doctoral dissertation, Universidad de León]. Portal Científico de la Universidad de León. https://portalcientifico.unileon.es/documentos/5e64330d2999527e0176b4d3;NA;C
Castro et al., 2003;Castro, M. C., Rivera, M., Crespo, M., Martín-Garcia, J.M., & Guerrero, F. (2003). Morphological & sedimentological characterization of Honda temporary lake (Southern Spain). Limnetica, 22.;NA;B
Chappuis et al., 2016;Chappuis, E., Ballesteros, E., & Gacia, E. (2016). Temporary emersion enhances amphibious Isoetes production. Limnetica, 35(2), 373–384. https://doi.org/10.23818/limn.35.30;NA;B
Cirujano et al., 1992;Cirujano S, Velayos M, Carrasco MA. (1992). Aspectos dinámicos de la flora acuática y cambios fisico-químicos del agua en dos lagunas continentales españolas: laguna de la Albardiosa (Toledo) y las Tablas de Daimiel (Ciudad Real). Historia Nat 91:249–256;NA;B
Cirujano & López-Alberca, 1984;Cirujano, S. & M. D. López-Alberca (1984). Ecología de Najas marina L. en La Mancha. Anales Jard. Bot. Madrid 40(2):415-419.;NA;B
Cirujano & Medina, 2002;Cirujano, S. & Medina, L. (2002). Plantas Acuaticas de las lagunas y humedales de Castilla-La Mancha. Real Jardin Botanico de Madrid, Junta de Comunidades de Castilla-La Mancha.;NA;D
Cirujano, 1980;Cirujano, S. (1980). LAS LAGUNAS MANCHEGAS Y SU VEGETACIÓN. I. Anales Del Jardín Botánico de Madrid, 37(1), 155–192.;NA;B
Cirujano, 1980b;Cirujano, S. (1980b). Las lagunas salobres toledanas. Instituto Provincial de Estudios e Investigaciones Toledanas y Diputación Provincial de Toledo;NA;B
Cirujano, 1982;Cirujano, S. (1982). Aportaciones a la flora de los saladares castellanos. Anales Del Jardín Botánico de Madrid, 39(1), 167–173.;NA;C
Cirujano, 1990;"Cirujano, S. (1990). Flora y vegetación de las lagunas y humedales de la provincia de Albacete (Serie 1 - Ensayos Históricos y Científicos, Núm. 52). Instituto de Estudios Albacetenses de la Excma. Diputación de Albacete; C.S.I.C. Confederación Española de Centros de Estudios Locales.";NA;C
Cirujano, 1995;Cirujano, S. (1995). Flora y vegetacion de las lagunas y humedales de la provincia de Cuenca (R. J. B. de M. Junta de comunidades de Castilla-La Mancha, Consejo Superior de Investigaciones Cientificas (ed.)).;NA;C
Cirujano, 2015;Cirujano, S. (2015). CARACTERIZACIÓN LIMNOLÓGICA DE LAS LAGUNAS DE CANTALEJO (SEGOVIA). Serie Limnoiberica, 9.;NA;B
Cirujano et al., 2013;Cirujano, S., Álvarez-Cobelas, M., Meco-Molina, A., Rubio-Olmo, A., Martín de Argenta, A., Guerrero-Maldonado, N., Ortiz-Llorente, M.J. & Ayala-Liquiñano, J. (2013). Parque nacional de Cabañeros entorno abiótico y botánica de los ecosistemas acuáticos. Serie Limnoiberia, 2.;NA;B
Cirujano et al., 1988;Cirujano, S., Montes, C., García, L. (1988). Los humedales de la provincia de Albacete: una panorámica general. Al-Basit: Revista de estudios albacetenses, (24), 77-95.;NA;C
Cirujano & Moreno, 2002;Cirujano, S., Moreno, M. (2002). El paisaje vegetal de la Laguna Larga de Villacañas (Toledo) y su entorno. Valoración y gestión de la flora y la vegetación. Real Jardín Botánico de Madrid, CSIC.;NA;B
Cirujano et al., 1990b;Cirujano, S., Velayos, M., Carrasco, M.A. (1990). Notas sobre higrófitos peninsulares, III. Anales Jardín Botánica de Madrid, 47(2);NA;B
Cobo-Muro, 2000;Cobo-Muro, M.C. (2000) CONTRIBUCIÓN A LA FLORA DEL ALTO VALLE DEL GUADALQUIVIR EN LAS PROVINCIAS DE JAÉN Y CÓRDOBA (S. ESPAÑA). Acta Botanica Malacitana 25: 233-250;NA;B
Comelles, 1986;Comelles, M. (1986). Hallazgo de dos poblaciones sexuales de Chara canescens Desv. et Lois., en España. An. J. Bot. Madrid, 42: 285-291.;NA;B
Comunidad de Madrid, 2000;Comunidad de Madrid. (2000). Plan de Actuaciones sobre los Humedales Catalogados de la Comunidad de Madrid. Consejería de Medio Ambiente, Comunidad de Madrid.;NA;B
Comunidad de Madrid, 2021;Comunidad de Madrid. (2021). Plan de Actuación sobre Humedales Catalogados de la Comunidad de Madrid. https://www.comunidad.madrid/sites/default/files/doc/medio-ambiente/plan_de_humedales_catalogados_cm_bocm_red_0.pdf;NA;C
Comunidad de Madrid, 2023;Comunidad de Madrid. (2023). Catálogo de Humedales de la Comunidad de Madrid [Geospatial data]. Datos Abiertos de la Comunidad de Madrid. https://datos.comunidad.madrid/catalogos/#/dataset/spacm_ceh_humedales?view=info;https://datos.comunidad.madrid/dataset/f4d7df89-4279-48dd-b674-5847e976e63f/resource/8be43a2c-5f37-494f-8709-d4074b7e733d/download/spacm_ma_ceh_humedales.zip;D
Conde-Álvarez et al., 2002;Conde-Álvarez, R. M., Pérez-Rodrı́guez, E., Altamirano, M., Nieto, J. M., Abdala, R., Figueroa, F. L., & Flores-Moya, A. (2002). Photosynthetic performance and pigment content in the aquatic liverwort Riella helicophylla under natural solar irradiance and solar irradiance without ultraviolet light. Aquatic Botany, 73(1), 47-61. https://doi.org/10.1016/S0304-3770(02)00007-4;NA;B
Conde-Álvarez et al., 2009;Conde-Álvarez, R.M., López-Figueroa, F., Nieto, J.M., Ramírez-González, J.M., Ortega-González, F., Rendon-Martos, M. (2009). 182 . NUEVAS CITAS DE PLANTAS ACUÁTICAS PARA LA LAGUNA REDONDA ( MÁLAGA ), RECIENTEMENTE RESTAURADA. Acta Botanica Malacitana, 34, 206–210.;NA;B
Conesa et al., 2011;Conesa, J.A., Castañeda del Alamo, C.& Pedrol-Solanes, J. (2011). Las saladas de Monegros y su entorno. Habitats y paisaje vegetal. Consejo de Proteccion de la Naturaleza de Aragon.;NA;B
del Pozo Cuevas, 2011;del Pozo-Cuevas, R. (2011). Las comunidades de macrófitos como descriptores de la condición ecológica de las lagunas esteparias de Castilla y León [Doctoral dissertation, Universidad de León]. https://buleria.unileon.es/handle/10612/4790;NA;C
Díaz González & Pérez-Morales, 1986;Díaz-González T. E. & Pérez-Morales C. (1986). De plantis legionensis, Nota VIII. Studia Bot. 5, 185-190.;NA;C
Elkhiati et al., 2013;Elkhiati, N., Ramdani, M., Espinar, J. L., Fahd, K., & Serrano, L. (2013). Ecological similarities between two Mediterranean wetlands: Sidi Boughaba (North-West Morocco) and the Doñana National Park (South-West Spain). Journal of Limnology, 72(2), 24. https://doi.org/10.4081/jlimnol.2013.e24;NA;B
Erviti, 1991;Erviti, J. (1991). Flora y paisaje vegetal de la Navarra media oriental. Príncipe de Viana, 9. 95-166;NA;B
Escrivà et al., 2009;Escrivà, A., Armengol, J., Mezquita, F. (2009). Estudio comparativo de la limnologia de dos lagunas de montaña de Teruel, con especial referencia al zooplancton y los ostrácodos. Teruel: Revista del Instituto de Estudios Turolenses, 1(92), 165–192.;NA;B
Escrivà et al., 2010;Escrivà, A., Armengol, X., & Mezquita, F. (2010). Microcrustacean and Rotiferan Communities of Two Close Mediterranean Mountain Ponds, Lagunas de Bezas and Rubiales (Spain). Journal of Freshwater Ecology, 25(3), 427–435. https://doi.org/10.1080/02705060.2010.9664386;NA;B
Espinar et al., 1997;Espinar, J.L., Cirujano, S., & Garcia Murillo, P. (1997). FRAGMENTOS TAXONÓMICOS, COROLOGICOS, NOMENCLATURALES Y FITOCENOLOGICOS (58-66). Acta Botanica Malacitana, 22, 209–234.;NA;B
Eusko Jaurlaritza, 2011;Eusko Jaurlaritza. (2011). Inventario de Humedales de la Comunidad Autónoma de País Vasco [Geospatial data]. Departamento de Medio Ambiente, Planificación Territorial y Vivienda. https://www.geo.euskadi.eus/cartografia/DatosDescarga/Medio_Ambiente/Espacios_Naturales/Otros_Espacios_Naturales_De_Interes/INV_HUMEDALES_10000_ETRS89.zip;https://www.geo.euskadi.eus/cartografia/DatosDescarga/Medio_Ambiente/Espacios_Naturales/Otros_Espacios_Naturales_De_Interes/INV_HUMEDALES_10000_ETRS89.zip;D
Fahd et al., 2007;Fahd, K., Florencio,M., Keller, C., Serrano, L. (2007). The effect of the sampling scale on zooplankton community assessment and its implications for the conservation of temporary ponds in south-west Spain. Aquatic Conservation: Marine and Freshwater Ecosystems, 17, 175–193. https://doi.org/10.1002/aqc;NA;C
Fahd et al., 2000;Fahd, K., Serrano, L., & Toja, J. (2000). Crustacean and rotifer composition of temporary ponds in the Doñana National Park (SW Spain) during floods. Hydrobiologia, 436, 41–49. https://doi.org/10.1023/A:1026577619151;NA;B
FAME, 2023;FAME (2023). Aplicación web de apoyo al seguimiento, localización e integración de la información sobre flora amenazada y de interés generada en Andalucía  [Geospatial data]. Consejería de Medio Ambiente y Ordenación del Territorio. Junta de Andalucía. ;NA;D
Fernández-Aláez et al., 1999b;Fernández-Aláez, C., Fernández-Aláez, M., & Bécares, E. (1999b). Influence of water level fluctuation on the structure and composition of the macrophyte vegetation in two small temporary lakes in the northwest of Spain. Hydrobiologia, 415(Figure 2), 155–162. https://doi.org/10.1023/A:1003807905710;NA;B
Fernández-Aláez et al., 1984;Fernández-Aláez, M., & Fernández-Aláez, M. C. (1984). Distribucion Y Analisis De La Vegetacion Macrofitica En Las Lagunas De Chozas De Arriba. Leon. Limnetica, 1, 101–110. ;NA;B
Fernández-Aláez et al., 1986;Fernández-Aláez, M., Calabuig, E.L. & Fernández-Aláez, M.C. (1986). Estudio sobre la vegetación macrófita en tres lagunas del sureste de la provincia de León. Limnética, 2: 41-49.;NA;B
Fernández-Aláez et al., 1988;Fernández-Aláez, M., Estanislao, L., Fernández-Aláez, M.C. (1988). CARACTERISTICAS ECOLOGICAS DE LA VEGETACION NITROFILA ASOCIADA A DIVERSAS LAGUNAS DE LA PROVINCIA DE LEON. Acta Botanica Barcelona, 37, 173–184.;NA;B
Fernández-Aláez et al., 1999;Fernández-Aláez, M., Fernández-Aláez, C., Rodríguez, S., & Bécares, E. (1999). Evaluation of the state of conservation of shallow lakes in the province of Leon (Northwest Spain) using botanical criteria. Limnetica, 17, 107–117.;NA;C
Fernández-Escalante et al., 2005;Fernández-Escalante, A. García-Rodríguez M., y Villaroya-Gil, F. (2005). PROPUESTA DE UNA CLASIFICACIÓN DE HUMEDALES PARA SER RESTAURADOS MEDIANTE OPERACIONES DE RECARGA ARTIFICIAL DE ACUÍFEROS: APLICACIÓN AL COMPLEJO DE HUMEDALES DE COCA-OLMEDO (SEGOVIA). Revista Tecnologí@ y Desarrollo, 3.;NA;C
Fernández-Zamudio et al., 2006;Fernández-Zamudio, R., Cirujano, S., Nieto-Gil, I., Cobo, M.D., Sousa-Martín, A., García-Murillo, P., (2006). Novedades florísticas en el Parque Nacional de Doñana (SW España). Acta Botanica Malacitana 31, 191-195.;NA;C
Ferrer & Mateo, 1989;Ferrer, J. & G. Mateo (1989) Notes florístiques i corológiques, 339-356. Collect. Bot (Barcelona) 17(2): 303-304;NA;B
Flor-Arnau & Cambra-Sánchez, 2015;Flor-Arnau, N., & Cambra-Sánchez, J. (2015). Biodiversity Changes of Charophytes in Lakes and Ponds of the Duero Basin (NW-Spain) over a Twenty-year Period. Wetlands, 35, 159–169. https://doi.org/10.1007/s13157-014-0605-3;NA;C
Flor-Arnau et al., 2013;Flor-Arnau, N., Cambra-Sánchez, J., & Velasco, E. (2013). Valoración de lagos y lagunas de la cuenca del Duero a partir de los macrófitos acuáticos. Limnetica, 32(2), 373–390.;NA;C
Florencio et al., 2014a;Florencio M., Díaz-Panigua C., Gomez-Rodriguez C. & Serrano L. (2014a) Biodiversity patterns in a macroinvertebrate community of a temporary pond network. Insect Conservation & Diversity, 7,4–21.;NA;B
Florencio & Díaz-Paniagua, 2012;Florencio, M., & Díaz-Paniagua, C. (2012). Presencia de Lestes macrostigma (Eversmann, 1836) (Odonata: Lestidae) en las lagunas temporales del Parque Nacional de Doñana (sudoeste de España). Boletín de La Sociedad Entomológica Aragonesa, 50, 579–581.;NA;C
Florencio et al., 2014b;Florencio, M., Serrano, L., Siljestrom, P., Fernández-Zamudio, R., García-Murillo, P., & Díaz-Paniagua, C. (2014b). The influence of geomorphology on the composition of aquatic flora and fauna within a temporary pond network. Limnetica, 33(2), 327-340.;NA;B
Florin-Beltrán, 1994;Florín-Beltrán, M. (1994). Funcionamiento de lagunas salinas temporales manchegas. Relación entre fluctuaciones híbridas, hidroquímicas y dinámica trófica [Doctoral dissertation, Universidad Autónoma de Madrid]. https://repositorio.uam.es/handle/10486/660339;NA;C
Font & Vilar, 1998;Font J. & Vilar, L. (1998). Valoració florística de les basses de l’Albera (Alt Empordà). Acta Bot. Barcinon., 45: 299-307.;NA;B
Forner & Brewster, 2013;Forner, E., & Brewster, J. (2013). First observation of Triops (Crustacea: Branchiopoda: Notostraca) in the Natural Park of the Serra d’Irta (Peníscola, el Baix Maestrat). Nemus: Revista de l’Ateneu de Natura, 3, 101–110.;NA;B
Fos-Martín et al., 2008;Fos-Martín, S., Peña, C., Sebastián, A., & Toro, V. (2008). Redescubrimiento de “Littorella uniflora” (L.) Asch. en los lavajos de Sinarcas (Valencia). Flora Montiberica, 39, 46–49.;NA;B
Galiano & Cabezudo, 1976;Galiano, E. F., & Cabezudo, B. (1976). Plantas de la Reserva biologica de Doñana(Huelva). Lagascalia, 6(1), 117–176.;NA;B
Gallego-Fernández et al., 1999;Gallego-Fernández, J. B., García-Mora, M. R., & García-Novo, F. (1999). Small wetlands lost: A biological conservation hazard in Mediterranean landscapes. Environmental Conservation, 26(3), 190-199. https://doi.org/10.1017/S0376892999000272;NA;B
García de Lomas & García, 2008;García de Lomas, J., García, C.M. (2008). OBSERVACIONES DE BRANCHIOPODA EN LAGUNAS TEMPORALES DE LA PROVINCIA. Revista de La Sociedad Gaditana de Historia Natural, 145–151.;NA;C
Garcia de Lomas et al., 2004;García de Lomas, J., Garcia, C.M., Canca, I. (2004). Caracterización y fenología de las lagunas temporales del pinar de la Algaide (Puerto Real, Cadiz). Revista de La Sociedad Gaditana de Historia Natural, 105–124.;NA;B
García & Niell, 1993;García, C. M., & Niell, F. X. (1993). Seasonal change in a saline temporary lake (Fuente de Piedra, southern Spain). Hydrobiologia, 267(1–3), 211–223. https://doi.org/10.1007/BF00018803;NA;B
García et al., 2013;García, G., Menéndez-Valderrey, J.L., & Torralba-Burrial, A. (2013). Primera cita de Lepidurus apus (Linnaeus, 1758) (Notostraca: Triopidae) para Asturias (norte de la península Ibérica). Boletín de La Sociedad Entomológica Aragonesa, 52, 285–286.;NA;B
García-Adá, 1995;García-Adá, R. (1995). Estudio de la flora y vegetación de las cuencas alta y media de los ríos Eresma, Pirón y Cega (Segovia). Undergraduate thesis, Complutense University of Madrid.;NA;D
García-Cardo, 2011;García-Cardo, Ó. (2011). Aportaciones a la flora de la provincia de Cuenca, IV. Flora Montiberica, 48, 52–64.;NA;B
García-Criado et al., 2005;García-Criado, F., Bécares, E., Fernández-Aláez, C., & Fernández-Aláez, M. (2005). Plant-associated invertebrates and ecological quality in some Mediterranean shallow lakes: Implications for the application of the EC Water Framework Directive. Aquatic Conservation: Marine and Freshwater Ecosystems, 15(1), 31–50. https://doi.org/10.1002/aqc.641;NA;B
García-Muñoz et al., 2010;García-Muñoz, E., Gilbert, J. D., Parra, G., & Guerrero, F. (2010). Wetlands classification for amphibian conservation in Mediterranean landscapes. Biodiversity and Conservation, 19(3), 901-911. https://doi.org/10.1007/s10531-009-9747-7;NA;B
García Murillo et al., 1994;Garcia-Murillo, Cirujano, S., González-Minero, F. J. (1994). Contribución al conocimiento de los carófitos del S.O. de la Península Ibérica. Studia Botanica, 13, 221–225.;NA;B
Gascón et al., 2008;Gascón, S., Boix, D., Sala, J., & Quintana, X. D. (2008). Relation between macroinvertebrate life strategies and habitat traits in Mediterranean salt marsh ponds (Empordà wetlands, NE Iberian Peninsula). Hydrobiologia, 597(1), 71–83. https://doi.org/10.1007/s10750-007-9215-x;NA;B
Generalitat de Catalunya, 2018;Generalitat de Catalunya. (2018). Inventari de Zones Humides de Catalunya [Geospatial data]. Departament d'Agricultura, Ramaderia, Pesca i Alimentació. https://mediambient.gencat.cat/ca/05_ambits_dactuacio/patrimoni_natural/sistemes_dinformacio/zones_humides/inventari_zones_humides/;https://sig.gencat.cat/visors/hipermapa.html;D
Generalitat Valenciana, 2022;Generalitat Valenciana. (2022). Catálogo de Zonas Húmedas de la Comunitat Valenciana [Geospatial data]. Servicio de Gestión de Espacios Naturales Protegidos, Conselleria d'Agricultura, Medi Ambient, Canvi Climàtic i Desenvolupament Rural. https://mediambient.gva.es/es/web/espacios-naturales-protegidos/catalogo-de-zonas-humedas;https://descargas.icv.gva.es/server_api/gdb/descarga/index.html?capas=%22medio_ambiente.gdb/eepp_zonas_humedas%22&formato=Shapefile%20-%20SHP%20-%20.shp&geocat=DATO_DIRECTA_SHP;D
Gilbert et al., 2015;Gilbert, J. D., De Vicente, I., Ortega, F., Jiménez-Melero, R., Parra, G., & Guerrero, F. (2015). A comprehensive evaluation of the crustacean assemblages in southern Iberian Mediterranean wetlands. Journal of Limnology, 74(1), 169–181. https://doi.org/10.4081/jlimnol.2014.993;NA;C
Gilbert et al., 2014;Gilbert, J. D., Guerrero, F., & De Vicente, I. (2014). Sediment desiccation as a driver of phosphate availability in the water column of Mediterranean wetlands. Science of the Total Environment, 466–467, 965–975. https://doi.org/10.1016/j.scitotenv.2013.07.123;NA;B
Gilbert et al., 2015b;Gilbert, J. D., Guerrero, F., Jiménez-Melero, R., & De Vicente, I. (2015b). Is the bioproduction number a good index of the trophic state in Mediterranean wetlands?. Knowledge and Management of Aquatic Ecosystems, 416, 1–8. https://doi.org/10.1051/kmae/2015001;NA;B
Giráldez-Fernández et al., 1993;Giráldez-Fernández, X., Martínez-Ortega, M. M. & Martín-Ballesteros, M. A. (1993). Mapa 275 (adiciones). Isoetes histrix Bory. En J. Fernández Casas (Ed.), Asientos para un atlas corológico de la flora occidental, 20. Fontqueria 36: 200.;NA;D
Giráldez-Fernández et al., 1993;Giráldez-Fernández, X., Martínez-Ortega, M. M. & Martín-Ballesteros, M. A. (1993). Mapa 275 (adiciones). Isoetes histrix Bory. En J. Fernández Casas (Ed.), Asientos para un atlas corológico de la flora occidental, 20. Fontqueria 36: 200.;NA;D
Gobierno de Aragón, 2014;Gobierno de Aragón. (2014). Inventario y catálogo de humedales de Aragón [Geospatial data]. Dirección General de Medio Natural. https://idearagon.aragon.es/datosdescarga/descarga.php?file=medioambiente/inagis_descargas/rednat_humedales.shp.zip;https://idearagon.aragon.es/datosdescarga/descarga.php?file=medioambiente/inagis_descargas/rednat_humedales.shp.zip;D
Gobierno de Castilla-La Mancha, 2015;Gobierno de Castilla-La Mancha. (2015). Plan de Gestión: Lagunas y Pareras del “Señorío de Molina” – Documento 1. Diagnóstico del espacio Natura 2000. Dirección General de Política Forestal y Espacios Naturales. Consejería de Agricultura, Medio Ambiente y Desarrollo Rural. Junta de Comunidades de Castilla-La-Mancha.;NA;C
Gobierno de La Rioja, 2011;Gobierno de La Rioja. (2011). Inventario de Zonas Húmedas de La Rioja [Geospatial data]. https://www.iderioja.larioja.org/vfile.php?r=/sig/ficheros_web/tematicos/1030/zonas_humedas_utm_etrs89.zip;https://www.iderioja.larioja.org/vfile.php?r=/sig/ficheros_web/tematicos/1030/zonas_humedas_utm_etrs89.zip;D
Gobierno de Navarra, 2021;Gobierno de Navarra. (2021). Hábitats humedales mediterráneos. 1:5.000 [Geospatial data]. SITNA - Gobierno de Navarra. http://idena.navarra.es/descargas/BIODIV_Pol_HabitatHum.zip;https://idena.navarra.es/descargas/BIODIV_Pol_HabitatHum.zip;D
Gobierno de Navarra, 2022;Gobierno de Navarra. (2022).Red Hidrográfica, Lagunas y Estanques. Gobierno de Navarra [Geospatial data] . https://geoportal.navarra.es/es/idena/descargar;https://idena.navarra.es/descargas/HIDROG_Pol_LagunaEstanque.zip;D
Gobierno del Principado de Asturias, 2021;Gobierno del Principado de Asturias. (2021) . Hidrografia 1:5000 de Asturias [Geospatial data] . Gobierno del Principado de Asturias. Servicio de Cartografía. https://sigapps.asturias.es:80/geonetwork/srv/api/records/spaGOPAcde_hidrografia_5000;https://sigapps.asturias.es/centroDescargas/files?lang=es&category=1&subcategory=12&lang=es#licenseModal;D
Gómez-Ramírez et al., 2023;Gómez-Ramírez, F., Pérez, M.A., Caballero-Díaz, C., Sánchez-Montes, G. & Martínez-Solano, Í.* (2023). The importance of naturalized quarries as amphibian breeding sites: a case study in central Spain. Basic and Applied Herpetology, 37: 29-44. ;NA;D
Gómez-Rodríguez et al., 2011a;Gómez-Rodríguez, C., Díaz-Paniagua, C., & Bustamante, J. (2011a). Lagunas temporales del Parque Nacional de Doñana [Geospatial data]. In Cartografía de lagunas temporales del Parque Nacional de Doñana. Estación Biológica de Doñana (CSIC). https://portalrediam.cica.es/descargas?path=%2F04_RECURSOS_NATURALES%2F04_AGUAS%2F01_SUPERFICIALES%2F01_HUMEDALES%2FLagunas_Temporales_Donana;https://portalrediam.cica.es/descargas?path=%2F04_RECURSOS_NATURALES%2F04_AGUAS%2F01_SUPERFICIALES%2F01_HUMEDALES%2FLagunas_Temporales_Donana;D
Gómez-Rodríguez et al., 2011b;Gómez-Rodríguez, C., Díaz-Paniagua, C., & Bustamante, J. (2011b). Charcas efímeras del Parque Nacional de Doñana [Geospatial data]. In Cartografía de lagunas temporales del Parque Nacional de Doñana. Estación Biológica de Doñana (CSIC). https://portalrediam.cica.es/descargas?path=%2F04_RECURSOS_NATURALES%2F04_AGUAS%2F01_SUPERFICIALES%2F01_HUMEDALES%2FLagunas_Temporales_Donana;https://portalrediam.cica.es/descargas?path=%2F04_RECURSOS_NATURALES%2F04_AGUAS%2F01_SUPERFICIALES%2F01_HUMEDALES%2FLagunas_Temporales_Donana;D
González y Gonsálvez, 2004;González, E., & Gonsálvez, R.U. (2004). Nuevas aportaciones al conocimiento del hidrovolcanismo en el Campo de Calatrava (España). In VIII Reunión Nacional de Geomorfología, septiembre 2004, Toledo, España.;NA;B
Ubaldo et al., 2009;Gosálvez, R.U., Cárdenas, E.G., Lahoz, E.E., & Ramírez, R.B. (2009). Análisis hidrogeográfico de las lagunas volcánicas de la Península Ibérica. In Geografía, territorio y paisaje. El estado de la cuestión: actas del XXI Congreso de Geógrafos Españoles. Ciudad Real, 27-29 de octubre de 2009 (pp. 1479-1497). Universidad de Castilla-La Mancha.;NA;B
Granados, 2020;Granados, I. (2020). Inventario de humedales del Parque Nacional de la Sierra de Guadarrama: Ámbito de la Comunidad de Madrid. Centro de Investigación, Seguimiento y Evaluación Sierra de Guadarrama.;NA;D
Guerrero et al., 2003;Guerrero, F., Ortega, F., Castro, M.C., & Parra, G. (2003). Los humedales de la provincia de Malaga: una ampliacion al inventario nacional. Oxyura, XI(1).;NA;B
Guisande et al., 2008;Guisande, C., Granado-Lorencio, C., Toja, J., & León, D. (2008). Identification of the main factors in structuring rotifer community assemblages in ponds of Doñana national park using the amino acid composition of the species. Limnetica, 27(2), 273–284.;NA;C
Hernández-Blanco et al., 2007;Hernández-Blanco, J., García-Moruno, L., Montero-Parejo, M. J., Sánchez-Ríos, A., & López-Casares, S. (2007). Determinación de impactos producidos en los humedales de Extremadura para su defensa y protección ambiental. Universidad de Extremadura, Fundación Alfonso Martín Escudero.;NA;C
Iglesias-Donoso et al., (under preparation);Iglesias-Donoso et al., (under preparation);NA;D
Iglesias-Donoso et al., (under review);Iglesias-Donoso et al., (under review);NA;D
Jimenez-Melero et al., 2012;Jiménez-Melero, R., Parra, G., & Guerrero, F. (2012). Effect of temperature, food and individual variability on the embryonic development time and fecundity of Arctodiaptomus salinus (Copepoda: Calanoida) from a shallow saline pond. Hydrobiologia, 686, 241–256. https://doi.org/10.1007/s10750-012-1014-3;NA;B
Junta de Andalucía, 2023a;Junta de Andalucía. (2023a).Humedales de la Red de Seguimiento de Andalucía: Catálogo de humedales de Andalucía [Geospatial data]. Consejería de Sostenibilidad, Medio Ambiente y Economía Azul. https://portalrediam.cica.es/geonetwork/srv/api/records/4e67658c-c5e9-4f33-8942-defd81556fdd;https://portalrediam.cica.es/descargas/index.php/s/mxHMWXyHfrCxyNK?path=%2F04_RECURSOS_NATURALES%2F04_AGUAS%2F01_SUPERFICIALES%2F01_HUMEDALES%2FAnaliticas_Seguimiento_Humedales%2FInfGeografica%2FInfVectorial%2FShapes%2FETRS89_30;D
Junta de Andalucía, 2023b;Junta de Andalucía. (2023b).Inventario de Humedales de Andalucía: Catálogo de humedales de Andalucía [Geospatial data]. Consejería de Sostenibilidad, Medio Ambiente y Economía Azul. https://portalrediam.cica.es/geonetwork/srv/api/records/4e67658c-c5e9-4f33-8942-defd81556fdd;https://portalrediam.cica.es/descargas/index.php/s/mxHMWXyHfrCxyNK/download?path=%2F04_RECURSOS_NATURALES%2F04_AGUAS%2F01_SUPERFICIALES%2F01_HUMEDALES%2FCatalogo_Humedales%2FInfGeografica%2FInfVectorial%2FGpkg&files=Catalogo_humedales.gpkg;D
Junta de Andalucía, 2023c;Junta de Andalucía. (2023c). Inventario de charcas de interés herpetológico de Cádiz: Catálogo de humedales de Andalucía [Geospatial data]. Consejería de Sostenibilidad, Medio Ambiente y Economía Azul. https://portalrediam.cica.es/geonetwork/srv/api/records/4e67658c-c5e9-4f33-8942-defd81556fdd;https://portalrediam.cica.es/descargas/index.php/s/mxHMWXyHfrCxyNK/download?path=%2F04_RECURSOS_NATURALES%2F04_AGUAS%2F01_SUPERFICIALES%2F01_HUMEDALES%2FCatalogo_Humedales%2FInfGeografica%2FInfVectorial%2FGpkg&files=Catalogo_humedales.gpkg;D
Junta de Andalucía, 2023d;Junta de Andalucía. (2023d).Humedales Históricos de Jaen: Catálogo de humedales de Andalucía [Geospatial data]. Consejería de Sostenibilidad, Medio Ambiente y Economía Azul. https://portalrediam.cica.es/geonetwork/srv/api/records/4e67658c-c5e9-4f33-8942-defd81556fdd;https://portalrediam.cica.es/descargas/index.php/s/mxHMWXyHfrCxyNK?path=%2F04_RECURSOS_NATURALES%2F04_AGUAS%2F01_SUPERFICIALES%2F01_HUMEDALES%2FHumedales_Hist_Jaen%2FInfGeografica%2FInfVectorial%2FShapes%2FETRS89;D
Junta de Castilla y León, 2024;Junta de Castilla y León. (2024). Catálogo Regional de Zonas Húmedas de Interés Especial (ZHIE) [Geospatial data]. Servicio de Espacios Naturales, Flora y Fauna de la Consejería de Fomento y Medio Ambiente de la Junta de Castilla y León. https://datosabiertos.jcyl.es/web/jcyl/set/es/medio-ambiente/zonas-humedad-catalogadas-cyl/1284688146063;https://datosabiertos.jcyl.es/web/jcyl/risp/es/medio-ambiente/zonas-humedad-catalogadas-cyl/1284688146063.shp;D
López-Albacete et al., 2007;López-Albacete, I., De las Heras, M. A.,  Sánchez-Guillon, E.,  Hidalgo, P. J. &  Muñoz-Rodríguez A.F. (2007). Aportaciones florísticas para Doñana. Lagascalia, 27, 390–403.;NA;B
López-González et al., 1998;López-González, P. J., Guerrero, F., & Castro, M. C. (1998). Seasonal fluctuations in the plankton community in a hypersaline temporary lake (Honda, southern Spain). International Journal of Salt Lake Research, 6(4), 353-371. https://doi.org/10.1023/A:1009057913154;NA;B
López-Udias & Fabregat-Llueca, 2011;López-Udias, S., & Fabregat-Llueca, C. (2011). Nuevos datos para la Flora de Aragón. Flora Montiberica, 49, 85–95.;NA;C
Martínez-García et al., 2019;Martínez-García, B., Huert, P., Armenteros, I., & Rodríguez-Lázaro, J. (2019). Distribution & ecology of recent ostracods from the Villafáfila lakes (Zamora, Spain). Geogaceta, 66, 75–78.;NA;B
Martínez-Santos, 2007;Martínez-Santos, M. (2007). Dinámica espacio-temporal de la calidad de las aguas de la Zona Vulnerable de Vitoria-Gasteiz (País Vasco), funcionalidad del Humedal de Salburua en la atenuación de nitratos. [Doctoral dissertation, Universidad del Pais Vasco]. https://ekoizpen-zientifikoa.ehu.eus/documentos/5ecb7f7e2999521315204115;NA;B
Martínez-Solano, 2004;Martínez-Solano, I. (2004). La conservación de los anfibios de Madrid fundamentos corológicos y moleculares [Doctoral dissertation, Universidad Autonoma de Madrid]. https://repositorio.uam.es/handle/10486/672833;NA;B
Martín-Gil, 2007;Martín-Gil, T. (2007). Aportaciones al conocimiento y distribución de la familia Alismataceae en la Sierra de Neila (Burgos). Flora Montiberica, 36, 69–76.;NA;C
Martino González, 1988;Martino-González, P.(1988). Limnologia de las lagunas salinas españolas [Doctroal dissertation, Universidad Autónoma de Madrid];NA;B
Medina & Cirujano, 1998;Medina, L. & S. Cirujano (1998) Sobre la distribución del género Marsilea L. en Castilla-La Mancha. Anales Jard. Bot. Madrid56(1): 154-155;NA;C
Medina & Cirujano, 1999;Medina, L., & Cirujano, S. (1999). Marsilea strigosa (Marsileaceae) en Castilla y León. Anales del Jardín Botánico de Madrid, 57(1), 195–198.;NA;D
Medina et al., 2002;Medina, L., García, R., & Draper, D. (2002). Notas sobre la flora acuática de Ciudad Real. Botanica complutensis, 26(2002), 53-58.;NA;D
Medina-Domingo, 2003;Medina-Domingo, L. (2003). Flora y vegetación acuáticas de las lagunas y humedales de la provincia de Guadalajara (Castilla-La Mancha) [Doctoral dissertation, Universidad Autónoma de Madrid]. Dialnet. https://dialnet.unirioja.es/servlet/tesis?codigo=31240;NA;D
Millán et al., 2001;Millán, A., Moreno, J.L., Velasco, J. (2001). Estudio faunístico y Ecologico de los Coleopteros y Heteropteros acuaticos de las lagunas y humedales de Albacete (Lagunas de Ruidera, Salinas de Pinilla, Laguna del Saladar, Laguna del Salobralejo, Lagunas de Corral Rubio, Fuente de Isso y Fuente de Agua. SABUCO, 2, 167–214.;NA;B
Ministerio para la Transición Ecológica y el Reto Demográfico, 2024;Ministerio para la Transición Ecológica y el Reto Demográfico. (2024). Inventario Español de Zonas Húmedas [Geospatial data]. Ministerio para la Transición Ecológica y el Reto Demográfico. https://www.miteco.gob.es/es/biodiversidad/servicios/banco-datos-naturaleza/informacion-disponible/inventario_esp_zonas_humedas.html;https://www.miteco.gob.es/es/biodiversidad/servicios/banco-datos-naturaleza/informacion-disponible/inventario_esp_zonas_humedas.html;D
Miracle et al., 2008;Miracle, M. R., Sahuquillo, M., & Vicente, E. (2008). Large branchiopods from freshwater temporary ponds of Eastern Spain. Verh.Internat.Verein.Limnol., 30(4), 501–505. https://doi.org/10.1080/03680770.2008.11902175;NA;B
Miracle et al., 1992;Miracle, M. R., Vicente, E., Pedrós-Alió, C. (1992). Biological Studies of Spanish Meromictic and Stratified Karstic Lakes. Limnetica, 8(September), 59–77.;NA;B
Moglia et al., 2001;Moglia, M. M., Marzo, J. M. D., Almendro, A. J. S., & Álvarez, J. M. (2001). Flora de interés corológico para Andalucía occidental. Acta botánica malacitana, (26), 260-263.;NA;D
Molina-Martín et al., 2016b;Molina-Martín, C., Alcalde de Miguel, J. A., & Eugenio-Gozalbo, M. (2016b). Primera cita de Coronopus navasii pau (Brassicaceae) para la provincia de Soria. Flora Montiberica, 63, 122–129.;NA;B
Molina-Martín et al., 2016a;Molina-Martín, C., Montamarta-Prieto, G., & Eugenio-Gozalbo, M. (2016a). Adiciones al catálogo florístico de la Provincia de Soria, III: Ampliaciones corologicas en el Sistema Iberico y valle del Ebro. Flora Montiberica, 64, 3–19.;NA;B
Montes et al., 1980;Montes, Carlos, Díaz, Ramírez, Soler, A. G. (1978). Variación estacional de las taxocenosis de Odonatos, Coleópteros y Heterópteros acuáticos en algunos ecosistemas del bajo Guadalquivir (Sw.España) durante un ciclo anual. Anales de la Universidad de Murcia (Ciencias), 19-100.;NA;B
Morales & Fernández-Casas, 1989;Morales, M. J. & Fernández-Casas, J. (1989). Mapa 275. Isoetes histrix Bory. En J. Fernández Casas (Ed.), Asientos para un atlas corológico de la flora occidental, 25. Fontqueria 25: 7–11.;NA;D
Morales, 1988;Morales, M. J. (1988). Mapa 70. Pilularia globulifera L. En J. Fernández Casas (Ed.) Asientos para un atlas corológico de la flora occidental, 8. Fontqueria 17: 26-27.;NA;D
Morales-Baquero, 1985;Morales-Baquero, R. (1985). Estudio de las Comunidades de Rotiferos Monogontes de las Lagunas de Alta Montaña de Sierra Nevada[Doctoral dissertation, Universidad de Granada]. http://hdl.handle.net/10481/28605;NA;B
Moreno et al., 2017;Moreno, E., Conde-Porcuna, J. M., & Gómez, A. (2017). Barcoding rotifer biodiversity in Mediterranean ponds using diapausing egg banks. Ecology and Evolution, 7(13), 4855–4867. https://doi.org/10.1002/ece3.2986;NA;B
Moss et al., 2003;Moss, B., Stephen, D., Álvarez, C., Becares, E., Van De Bund, W., Collings, S. E., Van Donk, E., De Eyto, E., Feldmann, T., Fernández-Aláez, C., Fernández-Aláez, M., Franken, R. J. M., García-Criado, F., Gross, E. M., Gyllström, M., Hansson, L. A., Irvine, K., Järvalt, A., Jensen, J. P., … Wilson, D. (2003). The determination of ecological status in shallow lakes - A tested system (ECOFRAME) for implementation of the European Water Framework Directive. Aquatic Conservation: Marine and Freshwater Ecosystems, 13(6), 507–549. https://doi.org/10.1002/aqc.592;NA;B
Muñoz Álvarez et al., 2016;Muñoz-Álvarez, J.M., Vega-Pozuelo, R., Delgado-Marzo, J.M., Díaz-Iglesias, M.L., Alcántara-Manzanares, J. (2016). Contribucion a la flora vascular de los humedales del sur de Cordoba (Andalucia, España). Flora Montiberica, 65, 8–16.;NA;B
Nieto et al., 1997;Nieto, J.M., R.M. Conde-Álvarez, M.A. Arrebola-Bautista y A. Flores-Moya. (1997). Nuevas citas de macrófitos acuáticos de las zonas húmedas de la provincia de Málaga. Acta Bot. Malacitana 22: 247-248.;NA;C
Núñez-Labra, 2015;Núñez-Labra, G. (2015). Papel ecológico de los macrófitos en lagos y lagunas de montaña y factores determinantes de la composición de sus comunidades [Doctoral dissertation, Universidad de León]. Dialnet. https://dialnet.unirioja.es/servlet/tesis?codigo=65536;NA;B
Olmo et al., 2019;Olmo, C., Antón-Pardo, M., Ortells, R., & Armengol, X. (2019). Tracking environmental changes in restored Mediterranean dune slacks. Science of The Total Environment, 691, 332-340.;NA;B
Olmo et al., 2012;Olmo, C., Armengol, X., & Ortells, R. (2012). Re-establishment of zooplankton communities in temporary ponds after autumn flooding: Does restoration age matter? Limnologica, 42(4), 310–319. https://doi.org/10.1016/j.limno.2012.08.005;NA;B
Olmo et al., 2016;Olmo, C., Armengol, X., Antón-Pardo, M., & Ortells, R. (2016). The environmental and zooplankton community changes in restored ponds over 4 years. Journal of Plankton Research, 38(3), 490–501. https://doi.org/10.1093/plankt/fbw021;NA;B
Olmo et al., 2015;Olmo, C., Fandos, D., Armengol, X., & Ortells, R. (2015). Combining field observations and laboratory experiments to assess the ecological preferences of Tanymastix stagnalis (L., 1758)(Crustacea, Branchiopoda) in Mediterranean temporary ponds. Ecological Research, 30, 663-674.;NA;B
Ortega et al., 2001;Ortega, F., Castro, M.C., Parra, G., Conradi, M. & Guerrero, F. (2001). Vegetacion de las lagunas endorreicas del Alto Guadalquivir. El complejo lagunar de Martos. In E. Cano, A. García-Fuentes, J.A. Torres Cordero y C. Salazar (Ed.), Valoración y gestión de espacios naturales. Actas de las XVII jornadas de fitosociologia (pp. 229–240). Universidad de Jaen.;NA;B
Ortega & Guerrero, 2003;Ortega, F., Guerrero, F. (2003). Vegetacion de las lagunas y humedales del alto Guadalquivir. El complejo lagunar de Alcaudete-Valenzuela. In In memoriam al Prof. Dr. Isidoro Ruiz Martínez. (pp. 101–116). Universidad de Jaen.;NA;B
Ortega & Guerrero, 2007;Ortega, F., Guerrero, F. (2007). Vegetación de los humedales del Alto Guadalquivir : lagunas asociadas a materiales sedimentarios y olitostromas. Acta Granatense, 6, 15–31.;NA;C
Ortega et al., 2004;Ortega, F., Paracuellos, M., & Guerrero, F. (2004). Corología de macrófitos acuáticos en Andalucía oriental. Lazaroa, 25, 179–185.;NA;C
Ortega et al., 2003;Ortega, F., Parra, G. & Guerrero, F. (2003). Los humedales del Alto Guadalquivir: inventario, tipologías y estado de conservación. In Humedales del Alto Guadalquivir. ;NA;C
Ortega et al., 2006;Ortega, F., Parra, G., & Guerrero, F. (2006). Usos del suelo en las cuencas hidrográficas de los humedales del Alto Guadalquivir: Importancia de una adecuada gestión. Limnetica, 25(3), 723–732.;NA;C
Ortega et al., 2002a;Ortega, F., Parra, G., Guerrero, F. (2002a). Ampliacion al conocimiento de los macrofitos acuaticos de la provincia de Malaga. Acta Botanica Malacitana, 27, 313–317.;NA;B
Ortega et al., 2007;Ortega, F., Salazar, C., & Guerrero, F. (2007). Vegetación de los humedales del Alto Guadalquivir: las lagunas de origen kárstico y lagunas sobre rañas del noreste de la provincia de Jaén. Acta Granatense, 6, 1–14.;NA;C
Pérez-Bilbao et al., 2010a;Pérez-Bilbao, A., Benetti, C. J., & Garrido, J. (2010a). Nuevos datos sobre la familia Hydraenidae (Insecta, Coleoptera) en espacios protegidos de la Red Natura 2000 de Galicia (NO España). Boletín de La Asociación Española de Entomología, 34(1–2), 15–28.;NA;B
Pérez-Bilbao et al., 2010b;Pérez-Bilbao, A., Benetti, C. J., & Garrido, J. (2010b). COLEÓPTEROS ACUÁTICOS (POLYPHAGA, HYDROPHILIDAE) EN LAGUNAS DE LA RED NATURA 2000 DE GALICIA (NOROESTE DE ESPAÑA). Boletin de La Sociedad Entomologica Aragonesa, 46, 255–260.;NA;B
Pérez-Bilbao et al., 2010c;Pérez-Bilbao, A., Benetti, C. J., & Garrido, J. (2010c). Nuevos datos sobre las familias Elmidae y Dryopidae en lagunas de la Red Natura 2000 de Galicia (NO España) (Coleoptera, Polyphaga). Bulletin de La Société Entomologique de France, 115(2), 185–191.;NA;B
Pérez-Bilbao et al., 2011;Pérez-Bilbao, A., Benetti, C. J., & Garrido, J. (2011). Nuevas aportaciones al conocimiento de la familia Hydrochidae en Galicia (NO España) (Coleoptera). Bulletin de La Société Entomologique de France, 116, 35–41.;NA;B
Pérez-Bilbao et al., 2012;Pérez-Bilbao, A., Benetti, C. J., & Garrido, J. (2012). Nuevas aportaciones al conocimiento de los heterópteros acuáticos ( Heteroptera : Gerromorpha y Nepomorpha ) en humedales de Galicia ( N . O . España ). Boletim Asoc. Esp. Entom., 36(1–2), 87–107.;NA;B
Pérez-Bilbao et al., 2015b;Pérez-Bilbao, A., Benetti, C. J., & Garrido, J. (2015b). Biodiversity and Conservation of Temporary Ponds — Assessment of the Conservation Status of “Veiga de Ponteliñares”, NW Spain (Natura 2000 Network), Using Freshwater Invertebrates. In Biodiversity in Ecosystems - Linking Structure and Function (Issue April). https://doi.org/10.5772/59104;NA;B
Pérez-Bilbao et al., 2009;Pérez-Bilbao, A., Benetti, C.J., Garrido, J. (2009). NUEVAS APORTACIONES AL CONOCIMIENTO DE LA FAMILIA HYDROCHIDAE (COLEOPTERA) EN GALICIA (NOROESTE DE ESPAÑA). Boletin - Asociacion Española de Entomologia, 45, 241–244.;NA;B
Pérez-Bote & Corbacho, 2002;Pérez-Bote, J. L., & Corbacho, P. (2002). New records of Triops cancriformis (Bosc, 1801-1802) (Branchiopoda, Notostraca) from the Iberian Peninsula. Crustaceana, 75(2), 183–185. https://doi.org/10.1163/15685400252902399;NA;B
Pérez-Bote et al., 2008;Pérez-Bote, J. L., Muñoz, A., García, J. M., Rodríguez, S., & Romero, A. J. (2008). Distribución y abundancia de los huevos de resistencia de Triops cancriformis mauritanicus Ghigi, 1921 y Branchipus cortesi Alonso & Jaume, 1991 (Crustacea, Branchiopoda) en una laguna temporal del suroeste de la península Ibérica. Limnetica, 27(1), 57–64.;NA;B
Pérez-Bote et al., 2000;Pérez-Bote, J. L., Pula, H. J., & Cascos, G. (2000). Distribución del cangrejo rojo Procambarus clarkii Girard, 1859 (Decapoda, Cambaridae) en Extremadura. Graellsia, 56(0), 71–78. https://doi.org/10.3989/graellsia.2000.v56.i0.311;NA;C
Pérez-Bote et al., 2005;Pérez-Bote, J. L., Viejo, A. M. D., Garcia, J. M., & Rodríguez, S. P. (2005). Evidence of dissemination of Triops cancriformis mauritanicus Ghigi, 1921 (Branchiopoda, Notostraca) cysts by the red swamp crayfish, Procambarus clarkii (Girard, 1852)(Decapoda, Cambaridae). Crustaceana, 481-485.;NA;B
Pérez-Bote et al., 2006;Pérez-Bote, J., Muñoz, A., García, J. M., Rodríguez, S. P., Romero Castaño, A., Corbacho, P., & Fernández, J. (2006). Distribución, estatus y conservación de los grandes branquiópodos (Crustacea, Branchiopoda) en Extremadura (SO de la Península Ibérica). Boletín de La Asociación Española de Entomología, 30(1), 41–57.;NA;B
Pérez-Bote, 2001;Pérez-Bote, J.L. (2001). Primera cita de Cyzicus grubei ( Simón , 1886 ) ( Spinicaudata , Cyzicidae ) en la cuenca del Guadiana. Boletim Asoc. Esp. Entom., 25(3–4), 133–134.;NA;B
Pérez-Bote et al., 2014;Pérez-Bote, J.L., González-Piriz, J.P., & Galeano-Solis, A. (2014). Biological traits of Cyzicus grubei (Crustacea, Spinicaudata, Cyzicidae) in south-western Iberian Peninsula. Limnetica, 33(2), 227–236.;NA;B
Pérez-Bote et al., 2004;Pérez-Bote, J.L., Muñoz, A., Romero, A. J., Roso, R., Méndez, E., Martín, A.B., & López, M. T. (2004). Nuevos datos sobre la biología de Cyzicus grubei (Simon, 1886) en la Península Ibérica (Crustacea, Spinicaudata). Boletim Asoc. Esp. Entom., 28(3–4), 81–87.;NA;B
Pérez-Latorre et al., 2009;Pérez-Latorre, A. V, Caballero, G., Casimiro-Soriguer, F., & Gavira, O., Cabezudo, B. (2009). Vegetación De La Cordillera Antequerana Oriental (Subsector Torcalense). Málaga-Granada (España). Acta Botanica Malacitana, 34, 145–173.;NA;B
Pizarro, 1995;Pizarro, J. (1995): Contribución al estudio taxonómico de Ranunculus L. sub-gen. Batrachium (DC.) A. Gray (Ranunculaceae). Lazaroa, 15: 21-113.;NA;B
Pizarro, 1993;Pizarro, J.M. (1993). Sistemática y ecología del subgénero Batrachium (DC.) A.Gray (Ranunculus L.) en el Sistema Central (Península Ibérica) [Doctoral dissertation, Universidad Autónoma de Madrid]. http://repositorio.uam.es/xmlui/handle/10486/672919;NA;B
Pons et al., 2018;"Pons, P., Gonçalves, M. S. S., Gil-Delgado, J. A., & Ortells, R. (2018). Spatial distribution of branchinectella media (Crustacea, branchiopoda) in a saline pond from""la mancha húmeda"": A case of habitat selection? Limnetica, 37(1), 69–83. https://doi.org/10.23818/limn.37.07";NA;B
Prunier & Saldaña, 2010;Prunier, F., & Saldaña, S. (2010). Grandes branquiópodos (Crustacea: Branchiopoda: Anostraca, Spinicaudata, Notostraca) en la provincia de córdoba (España)(año hidrológico 2009/2010). Boletín de la Sociedad Entomológica Aragonesa, 47, 349-355.;NA;C
Prunier & Delgado, 2010;Prunier, F., Delgado-Marzo, J. M. (2010). Contribuciones a la flora vascular de Andalucia (España) (154-159). Acta Botanica Malacitana, 35, 187–206. https://doi.org/10.24310/abm.v43i0.4962;NA;B
Prunier et al., 2011;Prunier, F., Sosa, R., & Saldaña, S. (2011). GRANDES BRANQUIÓPODOS (CRUSTACEA: BRANCHIOPODA: ANOSTRACA, SPINICAUDATA, NOTOSTRACA) EN LA PROVINCIA DE CÓRDOBA (ESPAÑA) (AÑO HIDROLOGICO 2010/2011). Boletin de La Sociedad Entomologica Aragonesa, 49, 223–226.;NA;C
Puente-Cabezas, 2015;Puente-Cabezas, J. (2015). Oscilación interanual del área de dos haloterófitos en las saladas Amargas de Peñalba (Huesca). Flora Montiberica, 61, 90–95.;NA;B
Pujol-Buxó et al., 2019;Pujol-Buxó, E., Riaño, G. M., & Llorente, G. A. (2019). Mild segregation in the breeding preferences of an invasive anuran (Discoglossus pictus) and its main native competitor (Epidalea calamita) in ephemeral ponds. Amphibia-Reptilia, 40(4), 425-435. https://doi.org/10.1163/15685381-20191149;NA;B
Regil-Cueto & Garrido, 1993;Regil-Cueto, J.A., & Garrido, J. (1993). Fauna acuática de las Lagunas de Villafàfila ( Zamora , España )(Coleoptera, Adephaga). Bulletin de La Société Entomologique de France, 98(4), 371–380.;NA;B
Reques, 2004;Reques, R. (2004). Hábitats reproductivos de anfibios en la provincia de Cádiz: perspectivas para su conservacion. Revista de La Sociedad Gaditana de Historia Natural, 83–104.;NA;C
Reques, 2012;Reques, R. (2012). Programas de conservación de anfibios en la provincia de Cádiz. Sociedad Gaditana de Historia Natural, 6, 13–20.;NA;C
Reques, 2012;Reques, R. (2012). Seguimiento de poblaciones y hábitats de especial interés de anfibios amenazados. In Programa de actuaciones para la conservación de los anfibios amenazados de Andalucía. Fase II: Andalucía occidental. Consejería de Medio Ambiente, Junta de Andalucía.;NA;B
Ribera et al., 2012;Ribera, I., Hernando, C., & Aguilera, P. (2012). Coleópteros acuáticos del humedal de Laku (Araba). Estudios Del Museo de Ciencias Naturales de Álava 23: 215-222 (2012), 23, 215–222.;NA;B
Roca et al., 2000;Roca, J.R., Mezquita, F., Rueda, J., Camacho, A., Miracle, M. R. (2000). Endorheic versus karstic lakes: patterns of ostracod distributions & lake typology in a Mediterranean landscape (Castilla-La Mancha, Spain). Marine & Freshwater Research, 51, 311–319.;NA;C
Ripoll Rodriguez et al., 2013;Rodríguez, J. R., Carmona, M. D. H., Benítez, J. M. M., Prunier, F., & Solano, F. (2013). Grandes branquiópodos (Crustacea, Branchiopoda, Anostraca, Notostraca) en la provincia de Málaga , España ( año hidrológico 2012 / 2013 ). Arxius de Miscelania Zoologica, 11, 163–177.;NA;C
Rodriguez-Rodriguez & Moral-Martos, 2005;Rodríguez-Rodríguez, M., & Moral Martos, F. (2005). Cartografía geológica de la Reserva Natural Lagunas de Campillos: Hidroquímica y dinámica hidrológica. Geogaceta, 37, 87–90.;NA;C
Ruhí et al., 2012;Ruhí, A., Sebastian, O. S., Feo, C., Franch, M., Gascón, S., Richter-Boix, À., Boix, D., & Llorente, G. (2012). Man-made Mediterranean temporary ponds as a tool for amphibian conservation. Annales de Limnologie, 48, 81–93. https://doi.org/10.1051/limn/2011059;NA;C
Ruiz et al., 1996;Ruiz, F., González-Regalado, M. L., Serrano, L., & Toja, J. (1996). Ostrácodos de las lagunas temporales del Parque Nacional de Doñana. Aestuaria, 4, 125–140.;NA;B
Ruiz-Labourdette et al., 2005;Ruiz-Labourdette, D., Coleto, C., Bravo, M. Á., Borja, F., Borja, C., & Montes, C. (2005). Mapa del complejo palustre de los arenales de Doñana [Geospatial data]. Departamento Interuniversitario de Ecología, Universidad Autónoma de Madrid. Consejería de Sostenibilidad y Medio Ambiente, Junta de Andalucía. https://portalrediam.cica.es/descargas?path=%2FInf_archivo%2F04_RECURSOS_NATURALES%2F01_BIODIVERSIDAD%2F01_VEGETACION_ECOSISTEMAS%2F03_HABITATS_BIOTOPOS%2F01_ECOSISTEMAS_SINGULARES%2F02_HUMEDALES%2FComplejo_palustre_Abalario;NA;D
Sahuquillo & Miracle, 2010;Sahuquillo, M., & Miracle, M. R. (2010). Crustacean and rotifer seasonality in a Mediterranean temporary pond with high biodiversity (lavajo de abajo de Sinarcas, Eastern Spain). Limnetica, 29(1), 75–92.;NA;B
Sala et al., 2003;Sala, J., Boix, D., & Franch, M. (2003). Noves localitzacions D ’ Anostracis I Notos- Tracis ( Crustacea: Branchiopoda ) a Catalunya. Scientia Gerundensis, 26, 9–13.;NA;C
Sala et al., 2005;Sala, J., Gascón, S., Boix, D. (2005). Nueva localidad para Branchinectella medía (Crustacea: Anostraca) en Los Monegros. Boletín de La Sociedad Entomológica Aragonesa, 37, 164.;NA;B
Sánchez & Angeler, 2007;Sánchez, B., & Angeler, D. G. (2007). Can fairy shrimps (Crustacea: Anostraca) structure zooplankton communities in temporary ponds? Marine and Freshwater Research, 58(9), 827–834. https://doi.org/10.1071/MF07024;NA;B
Sánchez-García et al., 1992;Sánchez-García, I., Martínez, C. & García Murillo, P. (1992). Guía de lasplantas acuáticas de Las Reservas Naturales de las Lagunas de Cádiz. Patronato de las Reservas Naturales de las Lagunas de Cádiz.;NA;B
Sancho & Lacomba, 2010;Sancho, V. & Lacomba, I. (2010). Conservación y Restauración de Puntos de Agua para la Biodiversidad. Colección Manuales Técnicos de Biodiversidad, 2. Generalitat. Conselleria de Medi Ambient, Aigua, Urbanisme i Habitatge. 168 pp.;NA;B
Santiago-Ibarlucea, 2002;Santiago-Ibarlucea, N.F. (2002). Estudio de la vegetacion macrofita y de factores fisico-quimicos del agua en las lagunas marginales del Canal de Castilla (Palencia). [Doctoral dissertation, Universidad de Valladolid]. https://investigacion.unirioja.es/documentos/5c13b1bcc8914b6ed3777464;NA;B
Santiago-Ibarlucea et al., 2005;Santiago-Ibarlucea, N.F., Fernández-Aláez, M., & Fernández-Aláez, C. (2005). Clasificación de las lagunas asociadas al Canal de Castilla (Palencia) basada en la presencia de macrófitos acuáticos y emergentes. Limnetica, 24(1–2), 145–154.;NA;B
Schmit et al., 2013;Schmit, O., Adolfsson, S., Vandekerkhove, J., Rueda, J., Bode, S. N. S., Rossetti, G., Michalakis, Y., Jokela, J., Martens, K., & Mesquita-Joanes, F. (2013). The distribution of sexual reproduction of the geographic parthenogen Eucypris virens (Crustacea: Ostracoda) matches environmental gradients in a temporary lake. Canadian Journal of Zoology, 91(9), 660–671. https://doi.org/10.1139/cjz-2012-0236;NA;B
Segura et al., 1998;Segura-Zubizarreta, A., Mateo-Sanz, G. & Benito-Alonso, J.L.(1998) Catálogo Florístico de la Provincia de Soria. Monografías de Flora Montiberica no. 4, Excelentisima Diputación Provincial de Soria, Valencia, Spain.;NA;B
Serrano et al., 1990;Serrano, J., Ortiz, A.S. & Galián, J. (1990). Los Carabidae de lagunas y ríos de la Submeseta Sur, España (Coleóptera, Adephaga). Boletín de La Asociación Española de Entomología, 14, 199–210. D-114;NA;C
Serrano & Toja, 1998;Serrano, L., & Toja, J. (1998). Interannual variability in the zooplankton community of a shallow temporary pond. Internationale Vereinigung Für Theoretische Und Angewandte Limnologie: Verhandlungen, 26(4), 1575–1581. https://doi.org/10.1080/03680770.1995.11900993;NA;B
Serrano et al., 2000;Serrano, L., Pérez-Romero, P., Plazuelo, A., Torres, A. & Toja, J. (2000). Microbial degradation of dissolved polyphenolic compounds in seasonal ponds. Verh.Internat.Verein.Limnol., 27, 3254–3259.;NA;B
Serrano et al., 2006;Serrano, L., Reina, M., Martín, G., Reyes, I., Arechederra, A., León, D., & Toja, J. (2006). The aquatic systems of Doñana (SW Spain): Watersheds & frontiers. Limnetica, 25(1–2), 11–32.;NA;B
Talavera et al., 2008;Talavera, S., Casimiro-Soriguer, R., Balao, F., Molina Abril, J. A., & Pizarro, J. (2008). FRAGMENTOS TAXONÓMICOS, COROLÓGICOS, NOMENCLATURALES Y FITOCENOLÓGICOS (171-180). Acta Botanica Malacitana, 33, 309–350. https://doi.org/10.24310/abm.v33i0.6989;NA;B
Talavera et al., 1986;Talavera, S., Garcia-Murillo, P. & Smit, H. (1986). Sobre el genero Zannichellia L. (Zannichelliaceae). Lagascalia, 14(2), 241–271.;NA;B
Tamajon & Muñoz, 2001;Tamajón-Gómez, R., & Muñoz-Álvarez, J. (2001). La vegetación de las marismas y lagunas de la hoja cartográfica de Lebrija (Suroeste de España). Studia Botanica, 20, 93–114.;NA;B
Tomás-Martín et al., 2025;Tomás-Martín, M., Alcorlo, P., & Florencio, M. (2025). Fine-scale spatial connectivity interacts with seasonality to shape macroinvertebrate assemblages in a restored pondscape. Inland Waters, 1-16.;NA;D
Toro et al., 2006;Toro, M., Granados, I., Robles, S., & Montes, C. (2006). High mountain lakes of the Central Range (Iberian Peninsula): Regional limnology & environmental changes. Limnetica, 25(1–2), 217–252.;NA;C
Torralba-Burrial & Alonso-Naveiro, 2009;Torralba-Burrial, A., & Alonso-Naveiro, M. E. (2009). Las comunidades de libélulas (Odonata) del Parque Natural de Sierra de Cebollera (La Rioja, N España). Zubia, 27, 7–52.;NA;C
Torralba-Burrial & Ocharan, 2004;Torralba-Burrial, A., & Ocharan, F. J. (2004). Costras salinas sobre libélulas monegrinas (Odonata). Boletín de La Sociedad Entomológica Aragonesa, 35, 281–282.;NA;B
Torres et al., 2015;Torres, J. M., Hernández, I., & Reques, R. (2015). Influencia local y paisajística sobre la riqueza de especies de anfibios que se reproducen en charcas temporales del litoral sud‐atlántico español. Basic and Applied Herpetology, 29(January), 5–19. https://doi.org/10.11160/bah.14004;NA;C
Valentín et al., 2007;Valentín, A., Dies, B., Peña, C., Sebastian, A., Ibars, A., Estrelles, E., Prieto, J., & Puche, F. (2007). Nuevas localidades de Riella Notarisii (Sphaerocarpales) en la comunidad valenciana. Boletin de La Sociedad Española de Briologia, 30/31, 39–42.;NA;B
Valladares, 1995;Valladares, L. F. (1995). Los Palpicornia acuaticos de la provincia de Leon. III. Helophoridae, Hydrochidae e Hydrophilidae (Coleoptera). Boletin - Asociacion Espanola de Entomologia, 19(1–2), 281–308.;NA;B
Vega-Pozuelo & Garzón-García, 2020;Vega-Pozuelo, R., & Garzón-García, R. (2020). Inventario y diagnóstico de los humedales estacionales del Guadalquivir medio como bienes del patrimonio territorial. Anales de Geografía de la Universidad Complutense, 40(2), 305-324. https://doi.org/10.5209/AGUC.69339;NA;B
Velasco et al., 2004;Velasco, J. (2004). Características físico-químicas de diferentes masas de agua: II cuenca del Duero (España). Ecología, 18, 21–33.;NA;C
Velasco et al., 2002;Velasco, J., Soriano, O., Fernández, J., & Rubio, A. (2002). Características físico-químicas de diferentes masas de agua: I cuenca del Tajo (Guadalajara, España). Ecología, 16, 27–35.;NA;C
Velayos, 1988;"Velayos, M. (1988). Acotaciones a"" Ranunculus"" subgénero"" Batrachium""(DC) A. Gray: tratamiento taxonómico general y estudio de la variabilidad de"" R. peltatus"". In Anales del Jardín Botánico de Madrid (Vol. 45, No. 1, pp. 103-119). Real Jardín Botánico.";NA;C
Velayos et al., 1989;Velayos, M., Carrasco, M. A., & Cirujano, S. (1989). Las lagunas del Campo de Calatrava (Ciudad Real). Botanica Complutensis, 14, 9–50. https://doi.org/10.5209/BOCM.7412;NA;C
Vera-García & Valentín-Benzal, 2009;Vera-García, P., & Valentín-Benzal, A. (2009). Flórula y vegetación de “Els Ullals de Na Molins” (La Albufera. Valencia): referencia de un estado intermedio. Flora Montiberica, 42, 31–40.;NA;B
Verdiell-Cubedo, 2012;Verdiell-Cubedo, D. (2012). Inventario y estado de conservación de las charcas ganaderas en la Región de Murcia (SE Península Ibérica). Anales de Biología, 34, 1–8. https://doi.org/10.6018/analesbio.0.34.1;NA;C
Verdiell-Cubedo and Boix, 2014;Verdiell-Cubedo, D., & Boix, D. (2014). Primeros datos sobre la distribución de grandes branquiópodos (Crustacea: Branchiopoda) en la Región de Murcia (SE España). Anales de Biología, 36, 65–69.;NA;C
Vicente et al., 1998;Vicente, E., Miracle, M.R., Armengol, J., Camacho, A., Roca, J.R., Soria, J.M., Sendra, M.D., Gisbert, D., Boronat, M.D., Ortega, E., Rueda, J. (1998). Estudio limnológico de 28 humedales de Castilla-La Mancha como base para la elaboración del Plan de Ordenación de Recursos Naturales (P.O.R.N.). Universidad de Valencia.;NA;B
Villastrigo et al., 2017;Villastrigo, A., & García-Criado, F. (2017). Response of a littoral macroinvertebrate assemblage to a persistent hydrological drought in a permanent mountain shallow lake from northwestern Spain. Annales de Limnologie, 53, 315–323. https://doi.org/10.1051/limn/2017014;NA;B
Xunta de Galicia, 2024;Xunta de Galicia. (2024). Inventario de zonas húmidas de Galicia [Geospatial data]. Dirección Xeral de Patrimonio Natural. https://mapas.xunta.gal/visores/conservaciondanatureza/?locale=es;https://mapas.xunta.gal/visores/conservaciondanatureza/?locale=es;D
Visual-interpretation;;NA;B
Sandra Brucet & Dani Boix [expert consultation];;NA;B
Citizen science (ClimaRiskinPond project);;NA;B
Carlos Caballero [expert consultation];;NA;D
Jokin Larrumbe [expert consultation];;NA;C
Maria Sahuquillo [expert consultation];;NA;C
